{"cameraMode":{"drawMode":0,"name":"Shaded","section":"Shading Mode"},"sceneLighting":false,"audioPlay":false,"sceneViewState":{"showFog":true,"showMaterialUpdate":false,"showSkybox":true,"showFlares":true,"showImageEffects":true,"showParticleSystems":true},"in2DMode":false,"pivot":{"x":499.6011657714844,"y":139.680419921875,"z":194.9418182373047},"rotation":{"x":-0.12503202259540559,"y":-0.12112533301115036,"z":0.015381229110062123,"w":-0.9846112132072449},"size":60.33311080932617,"orthographic":false}