{"cameraMode":{"drawMode":0,"name":"Shaded","section":"Shading Mode"},"sceneLighting":false,"audioPlay":false,"sceneViewState":{"showFog":true,"showMaterialUpdate":false,"showSkybox":true,"showFlares":true,"showImageEffects":true,"showParticleSystems":true},"in2DMode":false,"pivot":{"x":489.6085510253906,"y":133.5396728515625,"z":192.8333740234375},"rotation":{"x":0.12412209063768387,"y":0.07582659274339676,"z":-0.009513391181826592,"w":0.9893198013305664},"size":2.8578836917877199,"orthographic":false}