{"cameraMode":{"drawMode":0,"name":"Shaded","section":"Shading Mode"},"sceneLighting":false,"audioPlay":false,"sceneViewState":{"showFog":true,"showMaterialUpdate":false,"showSkybox":true,"showFlares":true,"showImageEffects":true,"showParticleSystems":true},"in2DMode":false,"pivot":{"x":517.010986328125,"y":102.26345825195313,"z":147.6573486328125},"rotation":{"x":0.12412209063768387,"y":0.07582659274339676,"z":-0.009513391181826592,"w":0.9893198013305664},"size":2.8578836917877199,"orthographic":false}